id,time,title,description
1,9:00,Doctor's Appointment,Annual check-up
2,18:30,Yoga Class,Relaxation and fitness
3,14:00,Grocery Shopping,Stocking up for the week
4,11:00,Dentist Appointment,Routine dental check-up
5,19:00,Dinner with Friends,Social gathering
6,8:30,Haircut,Grooming session
7,12:00,Lunch Meeting,Professional networking
8,16:00,Movie Night,Entertainment at home
9,15:30,Book Club Meeting,Literary discussion
10,17:45,Gym Workout,Fitness training
11,10:15,Coffee with a Colleague,Informal catch-up
12,13:30,Parent,Teacher Conference
13,18:00,Volunteer Work,Community service
14,9:45,Dentist Appointment,Routine dental check-up
15,19:30,Dinner with Family,Quality family time
16,11:20,Home Repair Appointment,Fixing household issues
17,15:00,Grocery Shopping,Weekly grocery run
18,10:00,Yoga Class,Mind-body wellness
19,18:45,Business Dinner,Networking opportunity
20,13:15,Weekend Picnic,Outdoor relaxation
21,16:30,Dentist Appointment,Routine dental check-up
22,8:00,Morning Jog,Physical fitness routine
23,19:00,Movie Night,Relaxation at home
24,12:45,Lunch with Friends,Socializing
25,17:20,Haircut,Grooming session
26,14:30,Independence Day BBQ,Celebration with friends
27,10:10,Doctor's Appointment,General health check-up
28,15:45,Dinner Party,Hosting friends
29,18:15,Yoga Class,Physical and mental wellness
30,11:40,Weekend Brunch,Social gathering
31,16:25,Dentist Appointment,Routine dental check-up
32,9:00,Business Meeting,Professional collaboration
33,19:05,Dinner with Family,Family bonding
34,13:50,Volunteer Work,Community service
35,17:55,Dentist Appointment,Routine dental check-up
36,8:30,Morning Walk,Physical activity
37,12:30,Lunch with Colleagues,Team building
38,18:40,Dinner Date,Dinner
39,14:10,Grocery Shopping,Household essentials
40,10:20,Dentist Appointment,Routine dental check-up
41,16:15,Movie Night,Entertainment at home
42,11:00,Family Outing,Quality time together
43,19:30,Dinner with Friends,Social gathering
44,15:35,Haircut,Grooming session
45,17:00,Holiday Shopping,Preparing for festivities
46,13:20,Baking Cookies,Festive tradition
47,10:55,Christmas Eve Brunch,Family celebration
48,12:00,New Year's Day Brunch,Welcoming the new year
49,18:15,Dinner with Friends,Social gathering
50,9:30,Dentist Appointment,Routine dental check-up
51,15:00,Yoga Class,Mind-body wellness
52,11:45,Book Club Meeting,Literary discussion
53,19:20,Movie Night,Entertainment at home
54,16:40,Haircut,Grooming session
55,13:05,Lunch Meeting,Professional networking
56,8:25,Gym Workout,Physical fitness routine
57,14:55,Dentist Appointment,Routine dental check-up
58,18:30,Dinner Date,Movie
59,10:10,Coffee with a Colleague,Informal catch-up
60,17:45,Volunteer Work,Community service
61,11:20,Dentist Appointment,Routine dental check-up
62,15:35,Grocery Shopping,Household essentials
63,19:00,Dinner with Family,Family bonding
64,13:50,Doctor's Appointment,General health check-up
65,10:30,Yoga Class,Mind-body wellness
66,16:15,Movie Night,Entertainment at home
67,12:00,Lunch Meeting,Professional networking
68,18:20,Date Night,Lawn Bowling
69,9:40,Dentist Appointment,Routine dental check-up
70,15:25,Gym Workout,Physical fitness routine
71,8:15,Morning Jog,Physical fitness routine
72,14:00,Lunch with Friends,Social gathering
73,18:30,Dinner Party,Hosting friends
74,11:00,Dentist Appointment,Routine dental check-up
75,16:45,Yoga Class,Mind-body wellness
76,13:20,Dentist Appointment,Routine dental check-up
77,19:30,Dinner with Family,Family bonding
78,10:00,Morning Walk,Physical activity
79,17:55,Volunteer Work,Community service
80,14:45,Dentist Appointment,Routine dental check-up
81,12:10,Lunch with Colleagues,Team building
82,18:30,Movie Night,Entertainment at home
83,11:40,Dentist Appointment,Routine dental check-up
84,15:15,Grocery Shopping,Household essentials
85,19:00,Dinner Date,Swordfish fishing
86,14:30,Book Club Meeting,Literary discussion
87,8:20,Gym Workout,Physical fitness routine
88,16:45,Dentist Appointment,Routine dental check-up
89,13:00,Family Outing,Quality time together
90,18:10,Dinner with Friends,Social gathering
91,10:45,Holiday Shopping,Preparing for festivities
92,16:20,Haircut,Grooming session
93,12:30,Christmas Lunch,Festive celebration
94,19:15,Dinner with Friends,Social gathering
95,9:00,Dentist Appointment,Routine dental check-up
96,15:40,Yoga Class,Mind-body wellness
97,18:50,Dinner Date,Conquering a space empire